create database n1;
use n1;

CREATE TABLE regions
    ( region_id      int NOT NULL 
    , region_name    VARCHAR(25) 
    );

CREATE UNIQUE INDEX reg_id_pk
ON regions (region_id);

ALTER TABLE regions
ADD ( CONSTRAINT reg_id_pk
       		 PRIMARY KEY (region_id)
    ) ;

CREATE TABLE countries 
    ( country_id      CHAR(2) NOT NULL 
    , country_name    VARCHAR(40) 
    , region_id       int 
    , CONSTRAINT     country_c_id_pk 
        	     PRIMARY KEY (country_id) 
    ) ;

ALTER TABLE countries
ADD ( CONSTRAINT countr_reg_fk
        	 FOREIGN KEY (region_id)
          	  REFERENCES regions(region_id) 
    ) ;


CREATE TABLE locations
    ( location_id    int
    , street_address VARCHAR(40)
    , postal_code    VARCHAR(12)
    , city       VARCHAR(30) NOT NULL
    , state_province VARCHAR(25)
    , country_id     CHAR(2)
    ) ;

CREATE UNIQUE INDEX loc_id_pk
ON locations (location_id) ;

ALTER TABLE locations
ADD ( CONSTRAINT loc_id_pk
       		 PRIMARY KEY (location_id)
    , CONSTRAINT loc_c_id_fk
       		 FOREIGN KEY (country_id)
        	  REFERENCES countries(country_id) 
    ) ;




CREATE TABLE departments
    ( department_id    int
    , department_name  VARCHAR(30) NOT NULL
    , manager_id       int
    , location_id      int
    ) ;

CREATE UNIQUE INDEX dept_id_pk
ON departments (department_id) ;

ALTER TABLE departments
ADD ( CONSTRAINT dept_id_pk
       		 PRIMARY KEY (department_id)
    , CONSTRAINT dept_loc_fk
       		 FOREIGN KEY (location_id)
        	  REFERENCES locations (location_id)
     ) ;


CREATE TABLE jobs
    ( job_id         VARCHAR(10)
    , job_title      VARCHAR(35)  NOT NULL
    , min_salary     int
    , max_salary     int
    ) ;

CREATE UNIQUE INDEX job_id_pk 
ON jobs (job_id) ;

ALTER TABLE jobs
ADD ( CONSTRAINT job_id_pk
      		 PRIMARY KEY(job_id)
    ) ;

CREATE TABLE employees
    ( employee_id    int
    , first_name     VARCHAR(20)
    , last_name      VARCHAR(25) NOT NULL
    , email          VARCHAR(25) NOT NULL
    , phone_number   VARCHAR(20)
    , hire_date      DATE NOT NULL
    , job_id         VARCHAR(10) NOT NULL
    , salary         DECIMAL(8,2)
    , commission_pct DECIMAL(2,2)
    , manager_id     int
    , department_id  int
    , CONSTRAINT     emp_salary_min
                     CHECK (salary > 0) 
    , CONSTRAINT     emp_email_uk
                     UNIQUE (email)
    ) ;

CREATE UNIQUE INDEX emp_emp_id_pk
ON employees (employee_id) ;


ALTER TABLE employees
ADD ( CONSTRAINT     emp_emp_id_pk
                     PRIMARY KEY (employee_id)
    , CONSTRAINT     emp_dept_fk
                     FOREIGN KEY (department_id)
                      REFERENCES departments(department_id)
    , CONSTRAINT     emp_job_fk
                     FOREIGN KEY (job_id)
                      REFERENCES jobs (job_id)
    , CONSTRAINT     emp_manager_fk
                     FOREIGN KEY (manager_id)
                      REFERENCES employees(employee_id)
    ) ;

ALTER TABLE departments
ADD ( CONSTRAINT dept_mgr_fk
      		 FOREIGN KEY (manager_id)
      		  REFERENCES employees (employee_id)
    ) ;






CREATE TABLE job_history
    ( employee_id   int NOT NULL
    , start_date    DATE  NOT NULL
    , end_date      DATE  NOT NULL
    , job_id        VARCHAR(10) NOT NULL
    , department_id int, 
                    CHECK (end_date > start_date)
    ) ;

CREATE UNIQUE INDEX jhist_emp_id_st_date_pk 
ON job_history (employee_id, start_date) ;

ALTER TABLE job_history
ADD ( CONSTRAINT jhist_emp_id_st_date_pk
      PRIMARY KEY (employee_id, start_date)
    , CONSTRAINT     jhist_job_fk
                     FOREIGN KEY (job_id)
                     REFERENCES jobs(job_id)
    , CONSTRAINT     jhist_emp_fk
                     FOREIGN KEY (employee_id)
                     REFERENCES employees(employee_id)
    , CONSTRAINT     jhist_dept_fk
                     FOREIGN KEY (department_id)
                     REFERENCES departments(department_id)
    ) ;


CREATE OR REPLACE VIEW emp_details_view
  (employee_id,
   job_id,
   manager_id,
   department_id,
   location_id,
   country_id,
   first_name,
   last_name,
   salary,
   commission_pct,
   department_name,
   job_title,
   city,
   state_province,
   country_name,
   region_name)
AS SELECT
  e.employee_id, 
  e.job_id, 
  e.manager_id, 
  e.department_id,
  d.location_id,
  l.country_id,
  e.first_name,
  e.last_name,
  e.salary,
  e.commission_pct,
  d.department_name,
  j.job_title,
  l.city,
  l.state_province,
  c.country_name,
  r.region_name
FROM
  employees e,
  departments d,
  jobs j,
  locations l,
  countries c,
  regions r
WHERE e.department_id = d.department_id
  AND d.location_id = l.location_id
  AND l.country_id = c.country_id
  AND c.region_id = r.region_id
  AND j.job_id = e.job_id 
;

COMMIT;




INSERT INTO regions VALUES 
        ( 1
        , 'Europe' 
        );

INSERT INTO regions VALUES 
        ( 2
        , 'Americas' 
        );

INSERT INTO regions VALUES 
        ( 3
        , 'Asia' 
        );

INSERT INTO regions VALUES 
        ( 4
        , 'Middle East and Africa' 
        );



INSERT INTO countries VALUES 
        ( 'IT'
        , 'Italy'
        , 1 
        );

INSERT INTO countries VALUES 
        ( 'JP'
        , 'Japan'
	, 3 
        );

INSERT INTO countries VALUES 
        ( 'US'
        , 'United States of America'
        , 2 
        );

INSERT INTO countries VALUES 
        ( 'CA'
        , 'Canada'
        , 2 
        );

INSERT INTO countries VALUES 
        ( 'CN'
        , 'China'
        , 3 
        );

INSERT INTO countries VALUES 
        ( 'IN'
        , 'India'
        , 3 
        );

INSERT INTO countries VALUES 
        ( 'AU'
        , 'Australia'
        , 3 
        );

INSERT INTO countries VALUES 
        ( 'ZW'
        , 'Zimbabwe'
        , 4 
        );

INSERT INTO countries VALUES 
        ( 'SG'
        , 'Singapore'
        , 3 
        );

INSERT INTO countries VALUES 
        ( 'UK'
        , 'United Kingdom'
        , 1 
        );

INSERT INTO countries VALUES 
        ( 'FR'
        , 'France'
        , 1 
        );

INSERT INTO countries VALUES 
        ( 'DE'
        , 'Germany'
        , 1 
        );

INSERT INTO countries VALUES 
        ( 'ZM'
        , 'Zambia'
        , 4 
        );

INSERT INTO countries VALUES 
        ( 'EG'
        , 'Egypt'
        , 4 
        );

INSERT INTO countries VALUES 
        ( 'BR'
        , 'Brazil'
        , 2 
        );

INSERT INTO countries VALUES 
        ( 'CH'
        , 'Switzerland'
        , 1 
        );

INSERT INTO countries VALUES 
        ( 'NL'
        , 'Netherlands'
        , 1 
        );

INSERT INTO countries VALUES 
        ( 'MX'
        , 'Mexico'
        , 2 
        );

INSERT INTO countries VALUES 
        ( 'KW'
        , 'Kuwait'
        , 4 
        );

INSERT INTO countries VALUES 
        ( 'IL'
        , 'Israel'
        , 4 
        );

INSERT INTO countries VALUES 
        ( 'DK'
        , 'Denmark'
        , 1 
        );

INSERT INTO countries VALUES 
        ( 'HK'
        , 'HongKong'
        , 3 
        );

INSERT INTO countries VALUES 
        ( 'NG'
        , 'Nigeria'
        , 4 
        );

INSERT INTO countries VALUES 
        ( 'AR'
        , 'Argentina'
        , 2 
        );

INSERT INTO countries VALUES 
        ( 'BE'
        , 'Belgium'
        , 1 
        );



INSERT INTO locations VALUES 
        ( 1000 
        , '1297 Via Cola di Rie'
        , '00989'
        , 'Roma'
        , NULL
        , 'IT'
        );

INSERT INTO locations VALUES 
        ( 1100 
        , '93091 Calle della Testa'
        , '10934'
        , 'Venice'
        , NULL
        , 'IT'
        );

INSERT INTO locations VALUES 
        ( 1200 
        , '2017 Shinjuku-ku'
        , '1689'
        , 'Tokyo'
        , 'Tokyo Prefecture'
        , 'JP'
        );

INSERT INTO locations VALUES 
        ( 1300 
        , '9450 Kamiya-cho'
        , '6823'
        , 'Hiroshima'
        , NULL
        , 'JP'
        );

INSERT INTO locations VALUES 
        ( 1400 
        , '2014 Jabberwocky Rd'
        , '26192'
        , 'Southlake'
        , 'Texas'
        , 'US'
        );

INSERT INTO locations VALUES 
        ( 1500 
        , '2011 Interiors Blvd'
        , '99236'
        , 'South San Francisco'
        , 'California'
        , 'US'
        );

INSERT INTO locations VALUES 
        ( 1600 
        , '2007 Zagora St'
        , '50090'
        , 'South Brunswick'
        , 'New Jersey'
        , 'US'
        );

INSERT INTO locations VALUES 
        ( 1700 
        , '2004 Charade Rd'
        , '98199'
        , 'Seattle'
        , 'Washington'
        , 'US'
        );

INSERT INTO locations VALUES 
        ( 1800 
        , '147 Spadina Ave'
        , 'M5V 2L7'
        , 'Toronto'
        , 'Ontario'
        , 'CA'
        );

INSERT INTO locations VALUES 
        ( 1900 
        , '6092 Boxwood St'
        , 'YSW 9T2'
        , 'Whitehorse'
        , 'Yukon'
        , 'CA'
        );

INSERT INTO locations VALUES 
        ( 2000 
        , '40-5-12 Laogianggen'
        , '190518'
        , 'Beijing'
        , NULL
        , 'CN'
        );

INSERT INTO locations VALUES 
        ( 2100 
        , '1298 Vileparle (E)'
        , '490231'
        , 'Bombay'
        , 'Maharashtra'
        , 'IN'
        );

INSERT INTO locations VALUES 
        ( 2200 
        , '12-98 Victoria Street'
        , '2901'
        , 'Sydney'
        , 'New South Wales'
        , 'AU'
        );

INSERT INTO locations VALUES 
        ( 2300 
        , '198 Clementi North'
        , '540198'
        , 'Singapore'
        , NULL
        , 'SG'
        );

INSERT INTO locations VALUES 
        ( 2400 
        , '8204 Arthur St'
        , NULL
        , 'London'
        , NULL
        , 'UK'
        );

INSERT INTO locations VALUES 
        ( 2500 
        , 'Magdalen Centre, The Oxford Science Park'
        , 'OX9 9ZB'
        , 'Oxford'
        , 'Oxford'
        , 'UK'
        );

INSERT INTO locations VALUES 
        ( 2600 
        , '9702 Chester Road'
        , '09629850293'
        , 'Stretford'
        , 'Manchester'
        , 'UK'
        );

INSERT INTO locations VALUES 
        ( 2700 
        , 'Schwanthalerstr. 7031'
        , '80925'
        , 'Munich'
        , 'Bavaria'
        , 'DE'
        );

INSERT INTO locations VALUES 
        ( 2800 
        , 'Rua Frei Caneca 1360 '
        , '01307-002'
        , 'Sao Paulo'
        , 'Sao Paulo'
        , 'BR'
        );

INSERT INTO locations VALUES 
        ( 2900 
        , '20 Rue des Corps-Saints'
        , '1730'
        , 'Geneva'
        , 'Geneve'
        , 'CH'
        );

INSERT INTO locations VALUES 
        ( 3000 
        , 'Murtenstrasse 921'
        , '3095'
        , 'Bern'
        , 'BE'
        , 'CH'
        );

INSERT INTO locations VALUES 
        ( 3100 
        , 'Pieter Breughelstraat 837'
        , '3029SK'
        , 'Utrecht'
        , 'Utrecht'
        , 'NL'
        );

INSERT INTO locations VALUES 
        ( 3200 
        , 'Mariano Escobedo 9991'
        , '11932'
        , 'Mexico City'
        , 'Distrito Federal,'
        , 'MX'
        );


SET FOREIGN_KEY_CHECKS = 0;

INSERT INTO departments VALUES 
        ( 10
        , 'Administration'
        , 200
        , 1700
        );

INSERT INTO departments VALUES 
        ( 20
        , 'Marketing'
        , 201
        , 1800
        );
                                
INSERT INTO departments VALUES 
        ( 30
        , 'Purchasing'
        , 114
        , 1700
	);
                
INSERT INTO departments VALUES 
        ( 40
        , 'Human Resources'
        , 203
        , 2400
        );

INSERT INTO departments VALUES 
        ( 50
        , 'Shipping'
        , 121
        , 1500
        );
                
INSERT INTO departments VALUES 
        ( 60 
        , 'IT'
        , 103
        , 1400
        );
                
INSERT INTO departments VALUES 
        ( 70 
        , 'Public Relations'
        , 204
        , 2700
        );
                
INSERT INTO departments VALUES 
        ( 80 
        , 'Sales'
        , 145
        , 2500
        );
                
INSERT INTO departments VALUES 
        ( 90 
        , 'Executive'
        , 100
        , 1700
        );

INSERT INTO departments VALUES 
        ( 100 
        , 'Finance'
        , 108
        , 1700
        );
                
INSERT INTO departments VALUES 
        ( 110 
        , 'Accounting'
        , 205
        , 1700
        );

INSERT INTO departments VALUES 
        ( 120 
        , 'Treasury'
        , NULL
        , 1700
        );

INSERT INTO departments VALUES 
        ( 130 
        , 'Corporate Tax'
        , NULL
        , 1700
        );

INSERT INTO departments VALUES 
        ( 140 
        , 'Control And Credit'
        , NULL
        , 1700
        );

INSERT INTO departments VALUES 
        ( 150 
        , 'Shareholder Services'
        , NULL
        , 1700
        );

INSERT INTO departments VALUES 
        ( 160 
        , 'Benefits'
        , NULL
        , 1700
        );

INSERT INTO departments VALUES 
        ( 170 
        , 'Manufacturing'
        , NULL
        , 1700
        );

INSERT INTO departments VALUES 
        ( 180 
        , 'Construction'
        , NULL
        , 1700
        );

INSERT INTO departments VALUES 
        ( 190 
        , 'Contracting'
        , NULL
        , 1700
        );

INSERT INTO departments VALUES 
        ( 200 
        , 'Operations'
        , NULL
        , 1700
        );

INSERT INTO departments VALUES 
        ( 210 
        , 'IT Support'
        , NULL
        , 1700
        );

INSERT INTO departments VALUES 
        ( 220 
        , 'NOC'
        , NULL
        , 1700
        );

INSERT INTO departments VALUES 
        ( 230 
        , 'IT Helpdesk'
        , NULL
        , 1700
        );

INSERT INTO departments VALUES 
        ( 240 
        , 'Government Sales'
        , NULL
        , 1700
        );

INSERT INTO departments VALUES 
        ( 250 
        , 'Retail Sales'
        , NULL
        , 1700
        );

INSERT INTO departments VALUES 
        ( 260 
        , 'Recruiting'
        , NULL
        , 1700
        );

INSERT INTO departments VALUES 
        ( 270 
        , 'Payroll'
        , NULL
        , 1700
        );
SET FOREIGN_KEY_CHECKS = 1;


INSERT INTO jobs VALUES 
        ( 'AD_PRES'
        , 'President'
        , 20000
        , 40000
        );
INSERT INTO jobs VALUES 
        ( 'AD_VP'
        , 'Administration Vice President'
        , 15000
        , 30000
        );

INSERT INTO jobs VALUES 
        ( 'AD_ASST'
        , 'Administration Assistant'
        , 3000
        , 6000
        );

INSERT INTO jobs VALUES 
        ( 'FI_MGR'
        , 'Finance Manager'
        , 8200
        , 16000
        );

INSERT INTO jobs VALUES 
        ( 'FI_ACCOUNT'
        , 'Accountant'
        , 4200
        , 9000
        );

INSERT INTO jobs VALUES 
        ( 'AC_MGR'
        , 'Accounting Manager'
        , 8200
        , 16000
        );

INSERT INTO jobs VALUES 
        ( 'AC_ACCOUNT'
        , 'Public Accountant'
        , 4200
        , 9000
        );
INSERT INTO jobs VALUES 
        ( 'SA_MAN'
        , 'Sales Manager'
        , 10000
        , 20000
        );

INSERT INTO jobs VALUES 
        ( 'SA_REP'
        , 'Sales Representative'
        , 6000
        , 12000
        );

INSERT INTO jobs VALUES 
        ( 'PU_MAN'
        , 'Purchasing Manager'
        , 8000
        , 15000
        );

INSERT INTO jobs VALUES 
        ( 'PU_CLERK'
        , 'Purchasing Clerk'
        , 2500
        , 5500
        );

INSERT INTO jobs VALUES 
        ( 'ST_MAN'
        , 'Stock Manager'
        , 5500
        , 8500
        );
INSERT INTO jobs VALUES 
        ( 'ST_CLERK'
        , 'Stock Clerk'
        , 2000
        , 5000
        );

INSERT INTO jobs VALUES 
        ( 'SH_CLERK'
        , 'Shipping Clerk'
        , 2500
        , 5500
        );

INSERT INTO jobs VALUES 
        ( 'IT_PROG'
        , 'Programmer'
        , 4000
        , 10000
        );

INSERT INTO jobs VALUES 
        ( 'MK_MAN'
        , 'Marketing Manager'
        , 9000
        , 15000
        );

INSERT INTO jobs VALUES 
        ( 'MK_REP'
        , 'Marketing Representative'
        , 4000
        , 9000
        );

INSERT INTO jobs VALUES 
        ( 'HR_REP'
        , 'Human Resources Representative'
        , 4000
        , 9000
        );

INSERT INTO jobs VALUES 
        ( 'PR_REP'
        , 'Public Relations Representative'
        , 4500
        , 10500
        );


INSERT INTO employees VALUES 
        ( 100
        , 'Steven'
        , 'King'
        , 'SKING'
        , '515.123.4567'
        , '2000-01-01'
        , 'AD_PRES'
        , 24000
        , NULL
        , NULL
        , 90
        );

INSERT INTO employees VALUES 
        ( 101
        , 'Neena'
        , 'Kochhar'
        , 'NKOCHHAR'
        , '515.123.4568'
        , '2000-01-01'
        , 'AD_VP'
        , 17000
        , NULL
        , 100
        , 90
        );

INSERT INTO employees VALUES 
        ( 102
        , 'Lex'
        , 'De Haan'
        , 'LDEHAAN'
        , '515.123.4569'
        , '2000-01-01'
        , 'AD_VP'
        , 17000
        , NULL
        , 100
        , 90
        );

INSERT INTO employees VALUES 
        ( 103
        , 'Alexander'
        , 'Hunold'
        , 'AHUNOLD'
        , '590.423.4567'
        , '2000-01-01'
        , 'IT_PROG'
        , 9000
        , NULL
        , 102
        , 60
        );

INSERT INTO employees VALUES 
        ( 104
        , 'Bruce'
        , 'Ernst'
        , 'BERNST'
        , '590.423.4568'
        , '2000-01-01'
        , 'IT_PROG'
        , 6000
        , NULL
        , 103
        , 60
        );

INSERT INTO employees VALUES 
        ( 105
        , 'David'
        , 'Austin'
        , 'DAUSTIN'
        , '590.423.4569'
        , '2000-01-01'
        , 'IT_PROG'
        , 4800
        , NULL
        , 103
        , 60
        );

INSERT INTO employees VALUES 
        ( 106
        , 'Valli'
        , 'Pataballa'
        , 'VPATABAL'
        , '590.423.4560'
        , '2000-01-01'
        , 'IT_PROG'
        , 4800
        , NULL
        , 103
        , 60
        );

INSERT INTO employees VALUES 
        ( 107
        , 'Diana'
        , 'Lorentz'
        , 'DLORENTZ'
        , '590.423.5567'
        , '2000-01-01'
        , 'IT_PROG'
        , 4200
        , NULL
        , 103
        , 60
        );

INSERT INTO employees VALUES 
        ( 108
        , 'Nancy'
        , 'Greenberg'
        , 'NGREENBE'
        , '515.124.4569'
        , '2000-01-01'
        , 'FI_MGR'
        , 12000
        , NULL
        , 101
        , 100
        );

INSERT INTO employees VALUES 
        ( 109
        , 'Daniel'
        , 'Faviet'
        , 'DFAVIET'
        , '515.124.4169'
        , '2000-01-01'
        , 'FI_ACCOUNT'
        , 9000
        , NULL
        , 108
        , 100
        );

INSERT INTO employees VALUES 
        ( 110
        , 'John'
        , 'Chen'
        , 'JCHEN'
        , '515.124.4269'
        , '2000-01-01'
        , 'FI_ACCOUNT'
        , 8200
        , NULL
        , 108
        , 100
        );

INSERT INTO employees VALUES 
        ( 111
        , 'Ismael'
        , 'Sciarra'
        , 'ISCIARRA'
        , '515.124.4369'
        , '2000-01-01'
        , 'FI_ACCOUNT'
        , 7700
        , NULL
        , 108
        , 100
        );

INSERT INTO employees VALUES 
        ( 112
        , 'Jose Manuel'
        , 'Urman'
        , 'JMURMAN'
        , '515.124.4469'
        , '2000-01-01'
        , 'FI_ACCOUNT'
        , 7800
        , NULL
        , 108
        , 100
        );

INSERT INTO employees VALUES 
        ( 113
        , 'Luis'
        , 'Popp'
        , 'LPOPP'
        , '515.124.4567'
        , '2000-01-01'
        , 'FI_ACCOUNT'
        , 6900
        , NULL
        , 108
        , 100
        );

INSERT INTO employees VALUES 
        ( 114
        , 'Den'
        , 'Raphaely'
        , 'DRAPHEAL'
        , '515.127.4561'
        , '2000-01-01'
        , 'PU_MAN'
        , 11000
        , NULL
        , 100
        , 30
        );

INSERT INTO employees VALUES 
        ( 115
        , 'Alexander'
        , 'Khoo'
        , 'AKHOO'
        , '515.127.4562'
        , '2000-01-01'
        , 'PU_CLERK'
        , 3100
        , NULL
        , 114
        , 30
        );

INSERT INTO employees VALUES 
        ( 116
        , 'Shelli'
        , 'Baida'
        , 'SBAIDA'
        , '515.127.4563'
        , '2000-01-01'
        , 'PU_CLERK'
        , 2900
        , NULL
        , 114
        , 30
        );

INSERT INTO employees VALUES 
        ( 117
        , 'Sigal'
        , 'Tobias'
        , 'STOBIAS'
        , '515.127.4564'
        , '2000-01-01'
        , 'PU_CLERK'
        , 2800
        , NULL
        , 114
        , 30
        );

INSERT INTO employees VALUES 
        ( 118
        , 'Guy'
        , 'Himuro'
        , 'GHIMURO'
        , '515.127.4565'
        , '2000-01-01'
        , 'PU_CLERK'
        , 2600
        , NULL
        , 114
        , 30
        );

INSERT INTO employees VALUES 
        ( 119
        , 'Karen'
        , 'Colmenares'
        , 'KCOLMENA'
        , '515.127.4566'
        , '2000-01-01'
        , 'PU_CLERK'
        , 2500
        , NULL
        , 114
        , 30
        );

INSERT INTO employees VALUES 
        ( 120
        , 'Matthew'
        , 'Weiss'
        , 'MWEISS'
        , '650.123.1234'
        , '2000-01-01'
        , 'ST_MAN'
        , 8000
        , NULL
        , 100
        , 50
        );

INSERT INTO employees VALUES 
        ( 121
        , 'Adam'
        , 'Fripp'
        , 'AFRIPP'
        , '650.123.2234'
        , '2000-01-01'
        , 'ST_MAN'
        , 8200
        , NULL
        , 100
        , 50
        );

INSERT INTO employees VALUES 
        ( 122
        , 'Payam'
        , 'Kaufling'
        , 'PKAUFLIN'
        , '650.123.3234'
        , '2000-01-01'
        , 'ST_MAN'
        , 7900
        , NULL
        , 100
        , 50
        );

INSERT INTO employees VALUES 
        ( 123
        , 'Shanta'
        , 'Vollman'
        , 'SVOLLMAN'
        , '650.123.4234'
        , '2000-01-01'
        , 'ST_MAN'
        , 6500
        , NULL
        , 100
        , 50
        );

INSERT INTO employees VALUES 
        ( 124
        , 'Kevin'
        , 'Mourgos'
        , 'KMOURGOS'
        , '650.123.5234'
        , '2000-01-01'
        , 'ST_MAN'
        , 5800
        , NULL
        , 100
        , 50
        );

INSERT INTO employees VALUES 
        ( 125
        , 'Julia'
        , 'Nayer'
        , 'JNAYER'
        , '650.124.1214'
        , '2000-01-01'
        , 'ST_CLERK'
        , 3200
        , NULL
        , 120
        , 50
        );

INSERT INTO employees VALUES 
        ( 126
        , 'Irene'
        , 'Mikkilineni'
        , 'IMIKKILI'
        , '650.124.1224'
        , '2000-01-01'
        , 'ST_CLERK'
        , 2700
        , NULL
        , 120
        , 50
        );

INSERT INTO employees VALUES 
        ( 127
        , 'James'
        , 'Landry'
        , 'JLANDRY'
        , '650.124.1334'
        , '2000-01-01'
        , 'ST_CLERK'
        , 2400
        , NULL
        , 120
        , 50
        );

INSERT INTO employees VALUES 
        ( 128
        , 'Steven'
        , 'Markle'
        , 'SMARKLE'
        , '650.124.1434'
        , '2000-01-01'
        , 'ST_CLERK'
        , 2200
        , NULL
        , 120
        , 50
        );

INSERT INTO employees VALUES 
        ( 129
        , 'Laura'
        , 'Bissot'
        , 'LBISSOT'
        , '650.124.5234'
        , '2000-01-01'
        , 'ST_CLERK'
        , 3300
        , NULL
        , 121
        , 50
        );

INSERT INTO employees VALUES 
        ( 130
        , 'Mozhe'
        , 'Atkinson'
        , 'MATKINSO'
        , '650.124.6234'
        , '2000-01-01'
        , 'ST_CLERK'
        , 2800
        , NULL
        , 121
        , 50
        );

INSERT INTO employees VALUES 
        ( 131
        , 'James'
        , 'Marlow'
        , 'JAMRLOW'
        , '650.124.7234'
        , '2000-01-01'
        , 'ST_CLERK'
        , 2500
        , NULL
        , 121
        , 50
        );

INSERT INTO employees VALUES 
        ( 132
        , 'TJ'
        , 'Olson'
        , 'TJOLSON'
        , '650.124.8234'
        , '2000-01-01'
        , 'ST_CLERK'
        , 2100
        , NULL
        , 121
        , 50
        );

INSERT INTO employees VALUES 
        ( 133
        , 'Jason'
        , 'Mallin'
        , 'JMALLIN'
        , '650.127.1934'
        , '2000-01-01'
        , 'ST_CLERK'
        , 3300
        , NULL
        , 122
        , 50
        );

INSERT INTO employees VALUES 
        ( 134
        , 'Michael'
        , 'Rogers'
        , 'MROGERS'
        , '650.127.1834'
        , '2000-01-01'
        , 'ST_CLERK'
        , 2900
        , NULL
        , 122
        , 50
        );

INSERT INTO employees VALUES 
        ( 135
        , 'Ki'
        , 'Gee'
        , 'KGEE'
        , '650.127.1734'
        , '2000-01-01'
        , 'ST_CLERK'
        , 2400
        , NULL
        , 122
        , 50
        );

INSERT INTO employees VALUES 
        ( 136
        , 'Hazel'
        , 'Philtanker'
        , 'HPHILTAN'
        , '650.127.1634'
        , '2000-01-01'
        , 'ST_CLERK'
        , 2200
        , NULL
        , 122
        , 50
        );

INSERT INTO employees VALUES 
        ( 137
        , 'Renske'
        , 'Ladwig'
        , 'RLADWIG'
        , '650.121.1234'
        , '2000-01-01'
        , 'ST_CLERK'
        , 3600
        , NULL
        , 123
        , 50
        );

INSERT INTO employees VALUES 
        ( 138
        , 'Stephen'
        , 'Stiles'
        , 'SSTILES'
        , '650.121.2034'
        , '2000-01-01'
        , 'ST_CLERK'
        , 3200
        , NULL
        , 123
        , 50
        );

INSERT INTO employees VALUES 
        ( 139
        , 'John'
        , 'Seo'
        , 'JSEO'
        , '650.121.2019'
        , '2000-01-01'
        , 'ST_CLERK'
        , 2700
        , NULL
        , 123
        , 50
        );

INSERT INTO employees VALUES 
        ( 140
        , 'Joshua'
        , 'Patel'
        , 'JPATEL'
        , '650.121.1834'
        ,'2000-01-01'
        , 'ST_CLERK'
        , 2500
        , NULL
        , 123
        , 50
        );

INSERT INTO employees VALUES 
        ( 141
        , 'Trenna'
        , 'Rajs'
        , 'TRAJS'
        , '650.121.8009'
        , '2000-01-01'
        , 'ST_CLERK'
        , 3500
        , NULL
        , 124
        , 50
        );

INSERT INTO employees VALUES 
        ( 142
        , 'Curtis'
        , 'Davies'
        , 'CDAVIES'
        , '650.121.2994'
        ,'2000-01-01'
        , 'ST_CLERK'
        , 3100
        , NULL
        , 124
        , 50
        );

INSERT INTO employees VALUES 
        ( 143
        , 'Randall'
        , 'Matos'
        , 'RMATOS'
        , '650.121.2874'
        , '2000-01-01'
        , 'ST_CLERK'
        , 2600
        , NULL
        , 124
        , 50
        );

INSERT INTO employees VALUES 
        ( 144
        , 'Peter'
        , 'Vargas'
        , 'PVARGAS'
        , '650.121.2004'
        ,'2000-01-01'
        , 'ST_CLERK'
        , 2500
        , NULL
        , 124
        , 50
        );

INSERT INTO employees VALUES 
        ( 145
        , 'John'
        , 'Russell'
        , 'JRUSSEL'
        , '011.44.1344.429268'
        , '2000-01-01'
        , 'SA_MAN'
        , 14000
        , .4
        , 100
        , 80
        );

INSERT INTO employees VALUES 
        ( 146
        , 'Karen'
        , 'Partners'
        , 'KPARTNER'
        , '011.44.1344.467268'
        , '2000-01-01'
        , 'SA_MAN'
        , 13500
        , .3
        , 100
        , 80
        );

INSERT INTO employees VALUES 
        ( 147
        , 'Alberto'
        , 'Errazuriz'
        , 'AERRAZUR'
        , '011.44.1344.429278'
        , '2000-01-01'
        , 'SA_MAN'
        , 12000
        , .3
        , 100
        , 80
        );

INSERT INTO employees VALUES 
        ( 148
        , 'Gerald'
        , 'Cambrault'
        , 'GCAMBRAU'
        , '011.44.1344.619268'
        , '2000-01-01'
        , 'SA_MAN'
        , 11000
        , .3
        , 100
        , 80
        );

INSERT INTO employees VALUES 
        ( 149
        , 'Eleni'
        , 'Zlotkey'
        , 'EZLOTKEY'
        , '011.44.1344.429018'
        , '2000-01-01'
        , 'SA_MAN'
        , 10500
        , .2
        , 100
        , 80
        );

INSERT INTO employees VALUES 
        ( 150
        , 'Peter'
        , 'Tucker'
        , 'PTUCKER'
        , '011.44.1344.129268'
        , '2000-01-01'
        , 'SA_REP'
        , 10000
        , .3
        , 145
        , 80
        );

INSERT INTO employees VALUES 
        ( 151
        , 'David'
        , 'Bernstein'
        , 'DBERNSTE'
        , '011.44.1344.345268'
        ,'2000-01-01'
        , 'SA_REP'
        , 9500
        , .25
        , 145
        , 80
        );

INSERT INTO employees VALUES 
        ( 152
        , 'Peter'
        , 'Hall'
        , 'PHALL'
        , '011.44.1344.478968'
        ,'2000-01-01'
        , 'SA_REP'
        , 9000
        , .25
        , 145
        , 80
        );


INSERT INTO employees VALUES 
        ( 171
        , 'William'
        , 'Smith'
        , 'WSMITH'
        , '011.44.1343.629268'
        , '2000-01-01'
        , 'SA_REP'
        , 7400
        , .15
        , 148
        , 80
        );


INSERT INTO employees VALUES 
        ( 174
        , 'Ellen'
        , 'Abel'
        , 'EABEL'
        , '011.44.1644.429267'
        , '2000-01-01'
        , 'SA_REP'
        , 11000
        , .30
        , 149
        , 80
        );


INSERT INTO employees VALUES 
        ( 176
        , 'Jonathon'
        , 'Taylor'
        , 'JTAYLOR'
        , '011.44.1644.429265'
        ,'2000-01-01'
        , 'SA_REP'
        , 8600
        , .20
        , 149
        , 80
        );

INSERT INTO employees VALUES 
        ( 177
        , 'Jack'
        , 'Livingston'
        , 'JLIVINGS'
        , '011.44.1644.429264'
        , '2000-01-01'
        , 'SA_REP'
        , 8400
        , .20
        , 149
        , 80
        );

INSERT INTO employees VALUES 
        ( 178
        , 'Kimberely'
        , 'Grant'
        , 'KGRANT'
        , '011.44.1644.429263'
        , '2000-01-01'
        , 'SA_REP'
        , 7000
        , .15
        , 149
        , NULL
        );

INSERT INTO employees VALUES 
        ( 200
        , 'Jennifer'
        , 'Whalen'
        , 'JWHALEN'
        , '515.123.4444'
        , '2000-01-01'
        , 'AD_ASST'
        , 4400
        , NULL
        , 101
        , 10
        );

INSERT INTO employees VALUES 
        ( 201
        , 'Michael'
        , 'Hartstein'
        , 'MHARTSTE'
        , '515.123.5555'
        , '2000-01-01'
        , 'MK_MAN'
        , 13000
        , NULL
        , 100
        , 20
        );

INSERT INTO employees VALUES 
        ( 202
        , 'Pat'
        , 'Fay'
        , 'PFAY'
        , '603.123.6666'
        , '2000-01-01'
        , 'MK_REP'
        , 6000
        , NULL
        , 201
        , 20
        );


INSERT INTO employees VALUES 
        ( 205
        , 'Shelley'
        , 'Higgins'
        , 'SHIGGINS'
        , '515.123.8080'
        , '2000-01-01'
        , 'AC_MGR'
        , 12000
        , NULL
        , 101
        , 110
        );

INSERT INTO employees VALUES 
        ( 206
        , 'William'
        , 'Gietz'
        , 'WGIETZ'
        , '515.123.8181'
        , '2000-01-01'
        , 'AC_ACCOUNT'
        , 8300
        , NULL
        , 205
        , 110
        );

COMMIT;


CREATE INDEX emp_department_ix
       ON employees (department_id);

CREATE INDEX emp_job_ix
       ON employees (job_id);

CREATE INDEX emp_manager_ix
       ON employees (manager_id);

CREATE INDEX emp_name_ix
       ON employees (last_name, first_name);

CREATE INDEX dept_location_ix
       ON departments (location_id);

CREATE INDEX jhist_job_ix
       ON job_history (job_id);

CREATE INDEX jhist_employee_ix
       ON job_history (employee_id);

CREATE INDEX jhist_department_ix
       ON job_history (department_id);

CREATE INDEX loc_city_ix
       ON locations (city);

CREATE INDEX loc_state_province_ix	
       ON locations (state_province);

CREATE INDEX loc_country_ix
       ON locations (country_id);

COMMIT;

SET FOREIGN_KEY_CHECKS = 0; 
DELETE FROM employees
WHERE manager_id IN (108, 114, 120, 121, 122, 123, 145, 146, 147, 148);

DELETE FROM employees
WHERE employee_id IN (114, 120, 121, 122, 123, 145, 146, 147, 148, 
                      196, 197, 198, 199, 105, 106, 108, 175, 177, 
                      179, 203, 204);


SET SQL_SAFE_UPDATES = 0;

DELETE FROM locations
WHERE location_id NOT IN 
  (SELECT DISTINCT location_id
   FROM departments);

DELETE FROM countries
WHERE country_id NOT IN
  (SELECT country_id
   FROM locations);

DELETE FROM jobs
WHERE job_id NOT IN
  (SELECT job_id
   FROM employees);

DELETE FROM departments
WHERE department_id NOT IN 
  (SELECT DISTINCT department_id
   FROM employees
   WHERE department_id IS NOT NULL);

UPDATE departments
SET manager_id = 124
WHERE department_id = 50;

UPDATE departments
SET manager_id = 149
WHERE department_id = 80;

DELETE FROM locations
WHERE location_id IN (2700, 2400);

UPDATE locations
SET street_address = '460 Bloor St. W.', 
    postal_code = 'ON M5S 1X8'
WHERE location_id = 1800;


CREATE TABLE job_grades
(grade_level VARCHAR(3),
 lowest_sal  int,
 highest_sal int);

INSERT INTO job_grades
VALUES ('A', 1000, 2999);

INSERT INTO job_grades
VALUES ('B', 3000, 5999);

INSERT INTO job_grades
VALUES('C', 6000, 9999);

INSERT INTO job_grades
VALUES('D', 10000, 14999);

INSERT INTO job_grades
VALUES('E', 15000, 24999);

INSERT INTO job_grades
VALUES('F', 25000, 40000);

INSERT INTO departments VALUES 
        ( 190 
        , 'Contracting'
        , NULL
        , 1700
        );


SET SQL_SAFE_UPDATES = 1;
SET FOREIGN_KEY_CHECKS = 1; 
COMMIT;
select count(*) NUM_EMP from employees;
select count(*) NUM_DEP from departments;
select count(*) NUM_LOC from locations;
select count(*) NUM_REG from regions;
select count(*) NUM_CTR from countries;
select count(*) NUM_JOB from jobs;
select count(*) NUM_JH from job_history;


